﻿Designator,Footprint,Quantity,Value,LCSC Part #
BT1,PinHeader_1x02_P2.54mm_Vertical,1,Battery_Cell,
BT2,BatteryHolder_Keystone_3002_1x2032,1,Keystone 3002,
"C1, C12, C2, C3, C4, C5, C7",0805,7,10uF,
"C10, C11, C13, C14, C8, C9",0603,6,100nF,
C6,0603,1,10nF,
"D1, D3",D_SMA_Handsoldering,2,B130-13-F,
D2,D_SOD-523,1,DF2S16FS,
D4,SOT-143,1,PRTR5V0U2X,
D5,D_SOD-323F,1,PMEG4002EJ,
J1,BarrelJack_CUI_PJ-063AH_Horizontal,1,Barrel_Jack_Switch,
J10,PinHeader_1x07_P2.54mm_Vertical,1,Conn_01x07,
J2,USB_C_Receptacle_GCT_USB4110,1,USB_C_Receptacle_USB2.0_14P,
J3,PinHeader_1x07_P1.27mm_Vertical,1,Conn_01x07,
"J4, J5",Molex_Picoflex_90325-0012_2x06_P1.27mm_Vertical,2,Conn_01x12,
J6,Molex_Picoflex_90325-0006_2x03_P1.27mm_Vertical,1,Conn_01x06,
J7,PinHeader_1x02_P2.54mm_Vertical,1,Conn_01x02,
J8,PinHeader_1x05_P1.27mm_Vertical,1,Conn_01x05,
J9,PinHeader_1x04_P2.54mm_Vertical,1,Conn_01x04,
Q1,SOT-23-3,1,DMP3099L,
"R1, R11, R12",0603,3,1M,
"R10, R7, R8, R9",0603,4,0R,
"R13, R14",0603,2,4k7,
"R15, R2",0603,2,10k,
"R3, R4",0603,2,22R,
"R5, R6",0603,2,5k1,
SW1,PTS526,1,~,
"TP1, TP10, TP11, TP12, TP13, TP14, TP15, TP16, TP17, TP18, TP2, TP21, TP22, TP23, TP24, TP3, TP4",TestPoint_Pad_D1.0mm,17,TestPoint,
U1,Converter_DCDC_RECOM_R-78E-0.5_THT,1,R-78E5.0-1.0,
U2,SOT-23-5,1,MCP73831-2-OT,
U3,SOT-23-5,1,TLV75533PDBV,
U4,SOT-23-3,1,MCP111T-xxxE_TT,
U5,LQFP-64_10x10mm_P0.5mm,1,STM32L412R8Tx,
U6,SOIC-8_3.9x4.9mm_P1.27mm,1,AT25SF081-SSHD-X,
U7,MicroCrystal_C7_SON-8_1.5x3.2mm_P0.9mm,1,RV-3028-C7,
U8,DFPlayer_Mini-TF-16P,1,~,
U9,BC805M,1,~,
